{
  "project_info": {
    "project_number": "499365191513",
    "firebase_url": "https://emotion-c7ed4.firebaseio.com",
    "project_id": "emotion-c7ed4",
    "storage_bucket": "emotion-c7ed4.appspot.com"
  },
  "client": [
    {
      "client_info": {
        "mobilesdk_app_id": "1:499365191513:android:023836cbaa1370ae",
        "android_client_info": {
          "package_name": "com.example.yuhan.emotion"
        }
      },
      "oauth_client": [
        {
          "client_id": "499365191513-egqe7rteunap7g2s7o8fnsks70q8khgl.apps.googleusercontent.com",
          "client_type": 1,
          "android_info": {
            "package_name": "com.example.yuhan.emotion",
            "certificate_hash": "4a17f97289ab26393ab1b61cd623985f52ec8e6f"
          }
        },
        {
          "client_id": "499365191513-nh7j7ag3l904pgi62e2nnnpuanrfgiis.apps.googleusercontent.com",
          "client_type": 3
        }
      ],
      "api_key": [
        {
          "current_key": "AIzaSyBZmAdPAAP6QdX9_jm3mpIMJE4eigNCYJE"
        }
      ],
      "services": {
        "analytics_service": {
          "status": 1
        },
        "appinvite_service": {
          "status": 2,
          "other_platform_oauth_client": [
            {
              "client_id": "499365191513-nh7j7ag3l904pgi62e2nnnpuanrfgiis.apps.googleusercontent.com",
              "client_type": 3
            }
          ]
        },
        "ads_service": {
          "status": 2
        }
      }
    }
  ],
  "configuration_version": "1"
}